technology,hires
Client Success,271
Social Media Community Management,237
System Administration,293
Game Development,519
Design,249
Adobe Experience Manager,282
DevOps,495
Security,266
Business Analytics / Project Management,255
Security Compliance,250
Business Intelligence,254
Development - CMS Frontend,251
Salesforce,256
Development - Frontend,266
Technical Writing,223
Mulesoft,260
Data Engineer,255
QA Manual,259
Development - FullStack,254
Database Administration,282
QA Automation,243
Development - Backend,255
Sales,239
Development - CMS Backend,284
